zcta_code,hospital beds,hospital cost per day,nurse beds,nurse cost per day,home cost per visit,Summary star rating,Overall Rating,num_doctors,doctor_rating,home_rating,hospital beds_weighted,nurse beds_weighted,num_doctors_weighted,hospital cost per day_weighted,nurse cost per day_weighted,home cost per visit_weighted,Summary star rating_weighted,Overall Rating_weighted,doctor_rating_weighted,home_rating_weighted,origin_health_score,quantity_score,expenses_score,quality_score,baseline_score,combined_health_score
60004,0.167172341,0.14597104,0.519561112,0.840188534,0.949316709,0.451354062,0.922835731,0.072400542,0.531101198,0,0.015206238,0.041649433,0.009317025,0.013583066,0.066413763,0.106643198,0.034888554,0.062730904,0.048409739,0,0.398841918,0.066172695,0.186640026,0.146029197,20,20.39884192
60005,0.167172341,0.14597104,0.328327162,0.508622161,0.779625712,0.451354062,0.536242384,0.045018286,0.254584406,0,0.015206238,0.026319599,0.005793278,0.013583066,0.04020468,0.087580655,0.034888554,0.036451742,0.023205304,0,0.283233115,0.047319115,0.141368401,0.094545599,20,20.28323311
60007,0.233946562,0.236875965,0.654754649,0.793131195,1.740232874,0.677031093,0.997660249,0.078898027,0.502692917,0,0.021280117,0.052486915,0.010153168,0.022042056,0.062694056,0.195492186,0.05233283,0.067817194,0.045820332,0,0.530118853,0.0839202,0.280228298,0.165970356,20,20.53011885
60008,0.401118902,0.382847006,1.041021899,1.365704408,3.053013051,1.128385155,1.75837619,0.143872872,0.972107653,0,0.036486355,0.083451149,0.0185146,0.035625122,0.107953828,0.342965705,0.087221384,0.119527804,0.088607365,0,0.920353312,0.138452104,0.486544655,0.295356553,20,20.92035331
60010,0,0,0.0869629,0.259586002,0.188398378,0,0.299298075,0.034034443,0.548618557,0,0,0.006971183,0.004379798,0,0.020519303,0.02116407,0,0.020345158,0.050006442,0,0.123385954,0.011350981,0.041683373,0.0703516,20,20.12338595
60015,4.533069815,2.837433326,32.07696217,36.98884912,41.73062127,6.31895687,38.49685857,3.355950768,15.83769965,0,0.412334583,2.571376594,0.431867976,0.264032126,2.923830241,4.687884295,0.48843975,2.616871748,1.443602295,0,15.84023961,3.415579153,7.875746662,4.548913793,20,35.84023961
60016,0.193219023,0.112677458,0.85691173,0.980404084,1.073792337,0.225677031,0.78779529,0.096534056,0.302917036,0,0.017575482,0.068692377,0.012422699,0.010484993,0.077497278,0.120626391,0.017444277,0.053551363,0.027610811,0,0.405905669,0.098690558,0.208608662,0.09860645,20,20.40590567
60018,1.408178343,1.109901543,5.240886705,5.747477114,8.465487294,2.933801404,5.677043127,0.614940502,2.142234863,0,0.128089938,0.420123743,0.079134984,0.103279842,0.454316579,0.950985721,0.226775598,0.385904054,0.195264163,0,2.94387462,0.627348664,1.508582141,0.807943815,20,22.94387462
60022,0,0,0,0,0,0,0,0,0,0,0,0,0,0,0,0,0,0,0,0,0,0,0,0,20,20
60025,0.257625364,0.150236611,2.073600797,2.315059182,2.613133731,0.300902708,2.308633325,0.191521092,0.792045055,0,0.023433975,0.166225484,0.024646317,0.013979991,0.182996773,0.293551071,0.023259036,0.156932216,0.072194705,0,0.957219569,0.214305776,0.490527836,0.252385957,20,20.95721957
60026,0.386438045,0.225354916,3.227389514,3.631949189,4.107754529,0.451354062,3.807142774,0.311415152,1.263572097,0,0.035150963,0.258716328,0.04007515,0.020969986,0.287092005,0.461451983,0.034888554,0.258795256,0.115174275,0,1.512314501,0.333942441,0.769513975,0.408858085,20,21.5123145
60029,0,0,0,0,0,0,0,0,0,0,0,0,0,0,0,0,0,0,0,0,0,0,0,0,20,20
60043,0,0,0,0,0,0,0,0,0,0,0,0,0,0,0,0,0,0,0,0,0,0,0,0,20,20
60053,0.386438045,0.225354916,3.556191595,3.874260556,4.526728133,0.451354062,3.775609584,0.301668925,1.305827632,0,0.035150963,0.285073997,0.038820935,0.020969986,0.306245813,0.508518136,0.034888554,0.256651748,0.119025857,0,1.605345989,0.359045896,0.835733935,0.410566158,20,21.60534599
60056,4.035104614,2.787266705,22.4118907,25.54475025,31.03975227,6.770310932,26.09986105,2.392002525,9.96512784,0,0.367038948,1.796598159,0.307820156,0.259363964,2.019217009,3.486906324,0.523328304,1.774170453,0.908318868,0,11.44276218,2.471457263,5.765487296,3.205817624,20,31.44276218
60062,0.966095113,0.563387291,7.416964414,8.274767025,9.370589396,1.128385155,8.489376112,0.736072178,3.035628696,0,0.087877408,0.594564055,0.094723082,0.052424966,0.654089398,1.052661991,0.087221384,0.577075879,0.276696784,0,3.477334947,0.777164545,1.759176355,0.940994047,20,23.47733495
60067,0.401118902,0.382847006,1.204868867,1.791984571,3.607624993,1.128385155,2.31956008,0.214881096,2.023447029,0,0.036486355,0.096585568,0.027652451,0.035625122,0.141649681,0.405269033,0.087221384,0.157674976,0.184436682,0,1.172601252,0.160724374,0.582543837,0.429333042,20,21.17260125
60068,0.368915732,0.256965526,1.389770567,1.479404184,1.82899207,0.677031093,1.243868547,0.173111553,0.441962985,0,0.033557108,0.111407791,0.022277244,0.023911453,0.11694137,0.205463109,0.05233283,0.084553508,0.040284814,0,0.690729229,0.167242144,0.346315933,0.177171153,20,20.69072923
60070,1.133267454,0.709358332,8.049239576,9.193291338,10.38717101,1.579739218,9.686568412,0.819611265,3.653109759,0,0.103083646,0.645248953,0.105473495,0.066008032,0.726695311,1.166861513,0.122109937,0.658456512,0.332980025,0,3.926917424,0.853806094,1.959564856,1.113546475,20,23.92691742
60074,1.303754827,1.203607133,3.874228851,6.125446216,9.933691614,3.610832497,7.35774434,0.664599848,6.236569768,0,0.118591424,0.31056873,0.085525507,0.111999442,0.484193623,1.11591909,0.279108429,0.500151805,0.568461748,0,3.574519797,0.51468566,1.712112156,1.347721982,20,23.5745198
60076,0.423376976,0.385195207,1.611715929,2.009541872,1.782460907,1.278836509,2.116702496,0.247368519,0.593613366,0,0.038510982,0.129199536,0.031833167,0.03584363,0.158846772,0.200235948,0.098850902,0.14388548,0.054107707,0,0.891314123,0.199543684,0.39492635,0.296844089,20,20.89131412
60077,1.67006589,1.217809372,11.19446815,12.2559769,15.47937654,3.084252758,12.4162975,1.122208402,3.975590787,0,0.151911607,0.897379036,0.14441388,0.113321006,0.968789155,1.738903567,0.238405116,0.844013235,0.362374089,0,5.459510691,1.193704523,2.821013728,1.44479244,20,25.45951069
60089,3.566974702,2.274046035,24.65999775,28.7140821,32.36003188,5.190571715,30.00748246,2.594816864,12.6388012,0,0.324457175,1.976812539,0.333919769,0.211607161,2.269740842,3.635222305,0.401218366,2.039795869,1.152023515,0,12.34479754,2.635189484,6.116570308,3.59303775,20,32.34479754
60090,2.266534908,1.418716663,16.07346676,18.369559,20.76959219,3.159478435,19.22348778,1.634117363,7.310268576,0,0.206167291,1.288492845,0.210290021,0.132016063,1.452044964,2.333189444,0.244219875,1.306740444,0.666329121,0,7.83949007,1.704950157,3.917250472,2.217289441,20,27.83949007
60091,2.674283875,1.99090571,16.19662903,18.27737814,21.48173048,5.341023069,18.7728779,1.740861752,5.968054583,0,0.243256727,1.298365867,0.22402666,0.18526006,1.444758412,2.413188777,0.412847884,1.276109678,0.543986657,0,8.041800722,1.765649253,4.043207249,2.23294422,20,28.04180072
60093,4.026817033,2.779647918,26.72399464,30.02473392,34.80255406,6.920762287,30.72520399,2.768392522,10.21705746,0,0.366285098,2.142268147,0.356256738,0.258655012,2.37334297,3.909607421,0.534957821,2.088583881,0.931282189,0,12.96123928,2.864809984,6.541605402,3.554823892,20,32.96123928
60103,0.150833967,0.088104351,0.301731712,0.507183607,0.13801114,0.150451354,1.15978004,0.038520801,0.451444454,0,0.013720076,0.024187635,0.004957135,0.008198388,0.040090968,0.015503729,0.011629518,0.078837488,0.041149047,0,0.238273984,0.042864846,0.063793085,0.131616053,20,20.23827398
60104,4.896539423,4.858120151,4.868867018,7.983978346,7.596090488,20.3109328,8.417758355,4.855941486,8.373376703,0,0.445396304,0.390301632,0.624897612,0.452063413,0.63110364,0.853320469,1.569984911,0.572207573,0.763231157,0,6.30250671,1.460595548,1.936487522,2.905423641,20,26.30250671
60107,0.150833967,0.088104351,0.2684874,0.373481594,0.063931987,0.150451354,0.860481965,0.030630999,0.261678689,0,0.013720076,0.021522681,0.003941818,0.008198388,0.029522324,0.007181915,0.011629518,0.05849233,0.023851946,0,0.178060994,0.039184574,0.044902626,0.093973794,20,20.17806099
60120,3.058117252,1.899961403,6.382274766,9.26975164,8.156562329,4.212637914,18.3818901,1.0990031,10.42588048,0,0.278170766,0.511620517,0.141427654,0.176797405,0.732739212,0.91628208,0.3256265,1.249531797,0.950316354,0,5.282512284,0.931218936,1.825818697,2.525474651,20,25.28251228
60126,6.395644364,5.572995884,13.68177594,15.5214763,24.95738718,17.15145436,17.61440432,4.127295004,9.573486267,0,0.581757056,1.096768399,0.531130121,0.518584856,1.226914675,2.803632916,1.325765036,1.197360999,0.872620838,0,10.1545349,2.209655576,4.549132447,3.395746873,20,30.1545349
60130,0.273490161,0.26249114,0.119521219,0.15021095,0.041390784,1.128385155,0.261885815,0.294243229,0.280775532,0,0.02487706,0.009581146,0.037865343,0.024425629,0.011873614,0.004649708,0.087221384,0.017802013,0.025592618,0,0.243888517,0.07232355,0.040948951,0.130616016,20,20.24388852
60131,16.70113248,14.66371363,34.88563165,38.93145672,59.70655496,44.93480442,45.22583941,10.76138143,23.27447129,0,1.519159152,2.796527185,1.384852262,1.364504834,3.077386109,6.707243093,3.473349334,3.074282574,2.121462139,0,25.51876668,5.700538599,11.14913404,8.669094046,20,45.51876668
60133,0.301667935,0.176208701,0.729475199,1.074785227,0.392523556,0.300902708,2.394384599,0.080754451,0.945028014,0,0.027440151,0.058476717,0.010392066,0.016396776,0.084957754,0.044094839,0.023259036,0.162761265,0.086139063,0,0.513917667,0.096308935,0.145449369,0.272159364,20,20.51391767
60141,0.402302842,0.429152934,0.119521219,0.15021095,0.061640605,1.654964895,0.261885815,0.38195927,0.370252443,0,0.036594048,0.009581146,0.049153277,0.039934035,0.011873614,0.006924508,0.127924696,0.017802013,0.033748416,0,0.333535754,0.095328471,0.058732157,0.179475126,20,20.33353575
60153,0.829942003,0.823673825,0.239042437,0.300421901,0.123281209,3.159478435,0.710832928,0.754172313,0.776102838,0,0.075492724,0.019162292,0.097052339,0.076645449,0.023747228,0.013849016,0.244219875,0.048319751,0.070741576,0,0.66923025,0.191707355,0.114241693,0.363281202,20,20.66923025
60154,0,0,0.19545545,0.37529812,0.758725652,0,0.249415062,0.041460139,0.232834936,0,0,0.015668241,0.00533539,0,0.029665913,0.085232809,0,0.016954298,0.021222845,0,0.174079497,0.021003631,0.114898722,0.038177144,20,20.1740795
60155,3.117077468,3.118245726,3.655133001,6.129221886,4.957960104,13.84152457,5.873724719,3.141069672,5.951988864,0,0.283533872,0.29300541,0.404215525,0.290162606,0.484492076,0.556961354,1.069915643,0.399273729,0.542522271,0,4.324082486,0.980754807,1.331616036,2.011711643,20,24.32408249
60160,0.949519952,0.916200599,0.3140796,0.352054268,0.149994559,3.309929789,1.047543262,0.819611265,0.900418502,0,0.086369707,0.025177476,0.105473495,0.085255357,0.027828574,0.016849908,0.255849393,0.071208054,0.082072917,0,0.756084882,0.217020678,0.129933839,0.409130364,20,20.75608488
60162,0,0,0.367428806,0.639333109,1.22676614,0,0.411534853,0.077505709,0.395614097,0,0,0.029454093,0.009973994,0,0.050536892,0.137810978,0,0.027974592,0.036060124,0,0.291810674,0.039428087,0.18834787,0.064034717,20,20.29181067
60163,0,0,0,0,0,0,0,0,0,0,0,0,0,0,0,0,0,0,0,0,0,0,0,0,20,20
60164,1.037131519,0.959813622,0.386108943,0.400563154,0.275669997,3.309929789,1.15978004,0.834462658,0.946780195,0,0.094338982,0.030951544,0.10738468,0.089313687,0.03166302,0.030967884,0.255849393,0.078837488,0.086298774,0,0.805605451,0.232675206,0.151944591,0.420985655,20,20.80560545
60165,0,0,0,0,0,0,0,0,0,0,0,0,0,0,0,0,0,0,0,0,0,0,0,0,20,20
60169,2.302289898,1.595067246,5.118990893,6.713765822,6.427213989,3.761283851,13.85500672,0.711010452,5.719066743,0,0.209419617,0.410352243,0.091497959,0.148426042,0.530698089,0.722012628,0.290737946,0.94181128,0.521291479,0,3.866247282,0.711269819,1.401136758,1.753840705,20,23.86624728
60171,27.36843269,24.40735742,53.84327998,59.84837076,90.56416395,75.67703109,71.70469259,18.59719309,37.73710218,0,2.489472199,4.316223874,2.393221083,2.271181642,4.730789966,10.17368802,5.849647482,4.874215487,3.439727266,0,40.53816702,9.198917155,17.17565963,14.16359023,20,60.53816702
60172,11.30260246,9.260919371,26.83116797,31.45154243,44.46213314,26.17853561,44.25478344,5.747953292,21.40813727,0,1.028101058,2.150859453,0.739688131,0.861757776,2.486126848,4.994733588,2.023536107,3.008273838,1.951346267,0,19.24442307,3.918648642,8.342618212,6.983156212,20,39.24442307
60173,7.319906929,5.472800159,17.1601864,22.67316031,28.060044,13.54062186,42.41718828,2.405925706,19.45299578,0,0.665829315,1.375607248,0.309611891,0.509261328,1.792228559,3.152175443,1.046656607,2.883361026,1.773135618,0,13.50786704,2.351048455,5.45366533,5.703153251,20,33.50786704
60176,0,0,0,0,0,0,0,0,0,0,0,0,0,0,0,0,0,0,0,0,0,0,0,0,20,20
60192,0,0,0,0,0,0,0,0,0,0,0,0,0,0,0,0,0,0,0,0,0,0,0,0,20,20
60193,1.261290842,0.892511962,2.920433696,3.84198339,3.82332962,2.106318957,7.715239262,0.385517416,3.172754376,0,0.114728838,0.234109914,0.049611165,0.083051055,0.303694424,0.4295006,0.16281325,0.524452966,0.289195754,0,2.191157966,0.398449917,0.816246079,0.97646197,20,22.19115797
60194,0.259519668,0.168194954,0.469852949,0.577309144,0.363923765,0.300902708,1.309429077,0.0691518,0.51902411,0,0.023606284,0.037664691,0.008898953,0.015651071,0.04563413,0.04088203,0.023259036,0.089010067,0.047308916,0,0.331915177,0.070169928,0.102167231,0.159578018,20,20.33191518
60195,13.94278886,10.35530944,32.53399231,43.0928,52.48882873,25.50150451,81.10977829,4.606716543,37.48936716,0,1.268256229,2.608013375,0.592825546,0.963594227,3.406324738,5.896426854,1.971203277,5.513537861,3.417146282,0,25.63732839,4.46909515,10.26634582,10.90188742,20,45.63732839
60201,0.194402963,0.162546214,0.267379256,0.499434389,0.239537294,0.526579739,0.589866623,0.077969815,0.151059269,0,0.017683174,0.021433849,0.010033719,0.015125438,0.039478421,0.026908852,0.040703312,0.040096916,0.013769014,0,0.225232696,0.049150742,0.081512712,0.094569242,20,20.2252327
60202,0.228974013,0.222648994,0.869259618,0.977481541,0.517428056,0.75225677,1.004311318,0.130877903,0.284343182,0,0.020827807,0.069682217,0.016842314,0.020718192,0.077266261,0.05812621,0.058147589,0.068269308,0.025917809,0,0.415797707,0.107352338,0.156110663,0.152334706,20,20.41579771
60203,0.846753952,0.770390415,2.748354802,3.486457801,2.56785269,2.557673019,3.710880436,0.456216236,1.029015817,0,0.077021963,0.220315601,0.058709199,0.07168726,0.275591455,0.288464344,0.197701804,0.252251704,0.09379453,0,1.535537861,0.356046764,0.635743059,0.543748038,20,21.53553786
60208,0,0,0,0,0,0,0,0,0,0,0,0,0,0,0,0,0,0,0,0,0,0,0,0,20,20
60301,0.578946704,0.577312044,0.480934387,0.431114519,0.150885702,2.632898696,0.748245187,0.827965173,0.85943627,0,0.052661829,0.038553009,0.106548537,0.053720708,0.034077991,0.016950016,0.203516562,0.050862895,0.078337397,0,0.635228946,0.197763375,0.104748715,0.332716855,20,20.63522895
60302,0.305456543,0.314820905,0.361413168,0.280903569,0.109494918,1.504513541,0.486359372,0.491488295,0.506418827,0,0.027784769,0.028971863,0.063248263,0.029295079,0.022204377,0.012300308,0.116295179,0.033060882,0.046159947,0,0.379320666,0.120004894,0.063799764,0.195516008,20,20.37932067
60304,18.23457168,19.97917656,12.85842514,9.683312791,4.450219865,31.21865597,13.09740847,19.31238049,14.64791694,0,1.658642999,1.030766357,2.485256562,1.859125436,0.765429675,0.499923442,2.413124955,0.890312598,1.335153903,0,12.93773593,5.174665918,3.124478553,4.638591457,20,32.93773593
60305,4.248450618,4.257802455,2.491898678,2.396131338,1.145317066,16.62487462,5.487131372,4.710676295,5.080994263,0,0.386445209,0.19975738,0.606203838,0.396201957,0.189405224,0.12866125,1.285061723,0.372994566,0.463131335,0,4.027862483,1.192406428,0.714268431,2.121187624,20,24.02786248
60402,0.411774363,0.400413033,0.485366962,0.606422003,0.162698901,2.03109328,0.586125397,0.421408283,0.583052035,0,0.037455591,0.038908337,0.054229861,0.037259697,0.047935392,0.018277073,0.156998491,0.039842601,0.053145045,0,0.484052088,0.130593789,0.103472162,0.249986137,20,20.48405209
60406,14.57414465,10.98639582,28.53565136,31.59335465,25.1288493,31.39418255,42.38393293,4.119095798,24.3760174,0,1.325685264,2.287495481,0.530074988,1.022318806,2.497336574,2.822894421,2.426692727,2.881100453,2.221867787,0,18.0154665,4.143255734,6.342549801,7.529660966,20,38.0154665
60409,1.576534623,2.189867495,9.269147537,9.097084069,11.50311246,2.858575727,9.87683647,0.459929085,8.788138954,0,0.143403868,0.743040095,0.059186995,0.203774082,0.719090486,1.292222799,0.220960839,0.671390219,0.801036631,0,4.854106016,0.945630959,2.215087368,1.693387689,20,24.85410602
60411,0.07766647,0.166665547,0.243791625,0.38038917,0.958011278,0.300902708,0.448947112,0.034343847,0.488079977,0,0.007064654,0.019543,0.004419614,0.015508755,0.030068342,0.107619918,0.023259036,0.030517737,0.044488366,0,0.282489422,0.031027269,0.153197015,0.098265139,20,20.28248942
60415,0.587865719,0.353777448,1.245342498,1.266029492,1.02220296,1.203610832,1.795788449,0.161199498,0.940859254,0,0.053473116,0.099830044,0.020744315,0.032920108,0.100074898,0.114831005,0.093036143,0.122070949,0.085759082,0,0.722739661,0.174047475,0.247826012,0.300866174,20,20.72273966
60418,0,0,0.199782487,0.290502138,0.074222072,0.451354062,0.261885815,0.008818015,0.119649609,0,0,0.016015108,0.001134766,0,0.022963108,0.00833787,0.034888554,0.017802013,0.010906031,0,0.11204745,0.017149874,0.031300978,0.063596598,20,20.11204745
60419,0.153438636,0.184630946,0.872372974,0.71293982,0.569175379,0.200601805,0.7981282,0.033106231,0.734678744,0,0.013957,0.069931792,0.004260349,0.017180492,0.056355227,0.063939339,0.015506024,0.054253755,0.066965781,0,0.362349759,0.088149141,0.137475058,0.13672556,20,20.36234976
60422,1.438408279,2.218889324,7.869087064,8.182928761,12.54308122,3.209628886,8.962314577,0.484836109,8.49716928,0,0.130839696,0.630807437,0.062392211,0.206474655,0.646829927,1.409049558,0.248096381,0.609224458,0.774514819,0,4.718229143,0.824039345,2.26235414,1.631835658,20,24.71822914
60423,1.208566044,1.224096324,2.911357471,4.177177699,8.915359567,3.610832497,4.123662365,0.508350815,5.731560512,0,0.109932914,0.233382339,0.065418253,0.113906026,0.330190281,1.00152293,0.279108429,0.280311068,0.522430283,0,2.936202524,0.408733507,1.445619237,1.081849779,20,22.93620252
60425,0.770981786,1.220555027,4.418010819,4.899110987,7.638221685,1.805416249,5.275128569,0.271037927,4.743806703,0,0.070129618,0.354159772,0.034879117,0.113576498,0.387256408,0.858053352,0.139554214,0.358583413,0.432396774,0,2.748589167,0.459168507,1.358886258,0.930534401,20,22.74858917
60426,0.076719318,0.092315473,0.351017725,0.265168716,0.182914658,0.100300903,0.349181087,0.014851393,0.320100383,0,0.0069785,0.028138536,0.001911185,0.008590246,0.020960596,0.020548047,0.007753012,0.023736018,0.029177069,0,0.147793208,0.037028221,0.050098889,0.060666098,20,20.14779321
60428,0.34523693,0.415419629,2.055448347,1.81426564,1.824238946,0.451354062,2.057674265,0.085859617,1.823087532,0,0.03140325,0.164770334,0.011049035,0.038656108,0.143410916,0.204929159,0.034888554,0.139872962,0.166173965,0,0.935154283,0.20722262,0.386996182,0.340935481,20,20.93515428
60429,0.153438636,0.184630946,1.019281173,0.94434171,0.947180858,0.200601805,0.997660249,0.040841331,0.846027788,0,0.013957,0.081708353,0.005255757,0.017180492,0.074646682,0.106403263,0.015506024,0.067817194,0.077115218,0,0.459589983,0.100921111,0.198230437,0.160438435,20,20.45958998
60430,0.410432564,0.591482622,2.556329321,2.667014489,3.626227179,0.802407222,2.818390205,0.133971943,2.481396579,0,0.037333539,0.204922316,0.017240477,0.055039325,0.210817525,0.407358743,0.062024095,0.191583573,0.226178667,0,1.41249826,0.259496333,0.673215593,0.479786335,20,21.41249826
60438,0.07766647,0.166665547,0.339725212,0.518200083,1.240869638,0.300902708,0.56118389,0.035736165,0.533631859,0,0.007064654,0.027233298,0.004598788,0.015508755,0.040961779,0.13939532,0.023259036,0.038147172,0.048640408,0,0.344809209,0.03889674,0.195865854,0.110046615,20,20.34480921
60439,0,0,0.128861287,0.256005607,0.486040535,0,0.318004205,0.04223365,0.398715029,0,0,0.010329872,0.005434931,0,0.020236286,0.054600236,0,0.021616731,0.036342773,0,0.148560829,0.015764802,0.074836523,0.057959504,20,20.14856083
60443,0.07766647,0.166665547,0.211338843,0.219534944,1.03023423,0.300902708,0.311768828,0.042697756,0.563156226,0,0.007064654,0.016941497,0.005494655,0.015508755,0.017353417,0.115733213,0.023259036,0.021192873,0.051331547,0,0.273879647,0.029500807,0.148595384,0.095783456,20,20.27387965
60445,0,0,0,0,0,0,0,0,0,0,0,0,0,0,0,0,0,0,0,0,0,0,0,0,20,20
60449,0,0,0,0,0,0,0,0,0,0,0,0,0,0,0,0,0,0,0,0,0,0,0,0,20,20
60452,2.014276739,1.834485501,6.360956192,7.913033539,11.83312392,5.015045135,7.815005285,0.635206465,8.402327297,0,0.183221524,0.509911562,0.081742954,0.170704666,0.625495718,1.32929523,0.387650595,0.531234685,0.765869996,0,4.58512693,0.77487604,2.125495614,1.684755276,20,24.58512693
60453,0.29393286,0.176888724,0.518822349,0.576584783,0.450981411,0.601805416,0.785657446,0.075803986,0.372914858,0,0.026736558,0.041590212,0.009755004,0.016460054,0.045576872,0.050661807,0.046518071,0.05340604,0.033991094,0,0.324695712,0.078081774,0.112698732,0.133915206,20,20.32469571
60455,1.322697868,0.795999259,2.811835608,2.913790827,2.367585527,2.708124373,4.134054659,0.374533573,2.132370348,0,0.12031451,0.225404396,0.048197684,0.074070243,0.230324272,0.265966973,0.209331321,0.281017497,0.194365015,0,1.648991911,0.39391659,0.570361488,0.684713833,20,21.64899191
60456,5.505084629,3.395714599,11.36448906,12.19453734,9.810298219,11.50952859,17.45905436,1.703269163,8.778389888,0,0.500750455,0.911008375,0.219188974,0.315981961,0.963932587,1.102057471,0.889658116,1.186800893,0.800148006,0,6.889526838,1.630947804,2.381972019,2.876607014,20,26.88952684
60457,1.322697868,0.795999259,2.85568644,2.961805851,2.486702657,2.708124373,4.283703696,0.378246422,2.216388263,0,0.12031451,0.228919598,0.048675481,0.074070243,0.23411968,0.279348209,0.209331321,0.291190076,0.202023226,0,1.687992345,0.397909588,0.587538133,0.702544624,20,21.68799234
60458,2.645395736,1.591998518,5.667522048,5.875596679,4.854288184,5.416248746,8.417758355,0.753708207,4.34875861,0,0.24062902,0.454323993,0.096992614,0.148140487,0.464443952,0.545315182,0.418662643,0.572207573,0.396388241,0,3.337103705,0.791945627,1.15789962,1.387258457,20,23.33710371
60459,1.8002993,1.093509312,3.799824913,4.007931353,3.209390362,3.686058174,5.686663422,0.563888837,2.971368525,0,0.163757827,0.304604307,0.072565287,0.101754493,0.31681199,0.360532631,0.284923187,0.386558005,0.270839485,0,2.262347212,0.540927421,0.779099114,0.942320678,20,22.26234721
60461,0.051777647,0.111110365,0.055512725,0.080158773,0.328756969,0.200601805,0.133021367,0.015470201,0.208751339,0,0.00470977,0.004450051,0.001990817,0.01033917,0.006336251,0.036931505,0.015506024,0.009042293,0.019027631,0,0.108333512,0.011150638,0.053606926,0.043575948,20,20.10833351
60462,0.224475041,0.139358534,0.495393024,0.804774123,0.940987846,0.601805416,0.681734504,0.058786765,0.612594735,0,0.020418574,0.039712053,0.007565105,0.012967751,0.063614386,0.10570756,0.046518071,0.046341749,0.055837854,0,0.398683105,0.067695733,0.182289697,0.148697675,20,20.3986831
60463,0.448950082,0.278717068,1.418846148,2.322898012,2.139837979,2.106318957,2.028575841,0.14758572,1.622739299,0,0.040837148,0.113738569,0.018992396,0.025935503,0.183616404,0.240382543,0.16281325,0.137894961,0.147912274,0,1.072123048,0.173568114,0.449934449,0.448620485,20,21.07212305
60464,1.010137684,0.627113403,3.116100221,5.161426602,5.407064762,4.062186559,4.682767796,0.369892513,3.928586213,0,0.091883584,0.249795075,0.047600439,0.058354881,0.407991477,0.607412332,0.313996982,0.318316954,0.358089634,0,2.453441359,0.389279098,1.07375869,0.99040357,20,22.45344136
60465,5.210757123,3.167853696,12.81204141,16.46272101,15.07836146,14.44332999,18.9118971,1.587242653,12.17335586,0,0.473978,1.027048111,0.204257845,0.294778785,1.30131655,1.693854818,1.116433714,1.285559681,1.10959829,0,8.506825794,1.705283956,3.289950153,3.511591686,20,28.50682579
60466,0.31066588,0.666662187,0.796280436,0.955771897,3.544308793,1.203610832,1.309429077,0.145729296,1.97813264,0,0.028258617,0.063832007,0.018753498,0.062035021,0.075550195,0.398156294,0.093036143,0.089010067,0.180306287,0,1.00893813,0.110844123,0.53574151,0.362352497,20,21.00893813
60467,1.795800328,1.114868272,5.359616392,8.900067054,9.940784276,6.619859578,8.130931036,0.689042766,7.256097345,0,0.163348594,0.429641438,0.088670998,0.103742011,0.703517028,1.116715857,0.511698786,0.55271013,0.661391428,0,4.331436269,0.68166103,1.923974896,1.725800343,20,24.33143627
60469,0,0,0,0,0,0,0,0,0,0,0,0,0,0,0,0,0,0,0,0,0,0,0,0,20,20
60471,0.07766647,0.166665547,0.257880881,0.235609625,1.04658103,0.300902708,0.349181087,0.044090074,0.563156226,0,0.007064654,0.020672433,0.005673829,0.015508755,0.01862406,0.11756956,0.023259036,0.023736018,0.051331547,0,0.283439892,0.033410917,0.151702375,0.0983266,20,20.28343989
60472,0,0,0,0,0,0,0,0,0,0,0,0,0,0,0,0,0,0,0,0,0,0,0,0,20,20
60473,1.2687102,1.746255529,7.620862864,7.509474257,9.381626296,2.256770311,8.043635762,0.371284831,7.152488981,0,0.115403714,0.61090911,0.047779613,0.162494588,0.593595866,1.053901841,0.174442768,0.546776126,0.651947551,0,3.957251176,0.774092436,1.809992295,1.373166445,20,23.95725118
60475,0,0,0,0,0,0,0,0,0,0,0,0,0,0,0,0,0,0,0,0,0,0,0,0,20,20
60476,0,0,0,0,0,0,0,0,0,0,0,0,0,0,0,0,0,0,0,0,0,0,0,0,20,20
60477,0.552505375,0.500937797,1.314786173,1.942232219,3.720226228,1.604814444,1.82904379,0.200803213,2.348545467,0,0.050256688,0.105396838,0.025840807,0.046613843,0.153526196,0.417918295,0.124048191,0.124331522,0.214069322,0,1.262001702,0.181494333,0.618058334,0.462449035,20,21.2620017
60478,9.089344856,10.41386895,35.31448328,40.77389321,65.23227164,22.41725175,42.22597006,3.134572187,44.84678414,0,0.826779947,2.830905099,0.403379381,0.969043374,3.223023826,7.327984401,1.732798161,2.87036273,4.087772968,0,24.27204989,4.061064427,11.5200516,8.690933859,20,44.27204989
60480,0,0,0,0,0,0,0,0,0,0,0,0,0,0,0,0,0,0,0,0,0,0,0,0,20,20
60482,8.762103816,5.330670331,21.78262336,28.38488283,25.33141145,25.72718154,32.01242325,2.643083892,20.71677668,0,0.797013629,1.746154376,0.340131119,0.496035699,2.243718871,2.845649605,1.988647554,2.176084208,1.888328926,0,14.52176399,2.883299124,5.585404174,6.053060687,20,34.52176399
60487,7.562693574,5.958521853,20.16230612,31.64850219,47.0601038,24.87462387,29.53074339,2.922939833,32.01207836,0,0.687913539,1.616265336,0.376145002,0.554459264,2.501695781,5.286581288,1.922746952,2.007388939,2.917892801,0,17.8710889,2.680323878,8.342736333,6.848028692,20,37.8710889
60501,54.03052672,55.13908427,54.98846739,51.22383616,29.2862829,91.54964894,66.02640239,49.78187016,52.6809997,0,4.914694812,4.408025214,6.406290491,5.130865819,4.049052749,3.289927192,7.076561616,4.488226662,4.801859724,0,44.56550428,15.72901052,12.46984576,16.366648,20,64.56550428
60513,0.898847316,0.902248487,1.328031129,2.158855658,0.698305522,4.513540622,2.020262005,0.890155383,1.676502059,0,0.081760451,0.10645859,0.114551622,0.083957069,0.170649469,0.078445405,0.348885536,0.137329818,0.152812736,0,1.274850696,0.302770663,0.333051943,0.63902809,20,21.2748507
60521,0.058091994,0.040614662,0.045803275,0.194267051,0.570205379,0,0.149649037,0.055383321,0.410971165,0,0.005284132,0.003671715,0.007127126,0.003779322,0.015356084,0.064055045,0,0.010172579,0.037459917,0,0.146905921,0.016082972,0.083190452,0.047632496,20,20.14690592
60523,22.80102861,19.99210612,49.91095273,58.45645655,100,64.09227683,63.85773842,15.68446359,41.64907576,0,2.074014521,4.000997819,2.01839002,1.860328573,4.620764351,11.23367962,4.954174607,4.340809036,3.796302662,0,38.89946121,8.093402361,17.71477254,13.09128631,20,58.89946121
60525,0.599231544,0.601498991,0.852742999,1.304492102,0.444899438,3.009027081,1.197192299,0.587248841,1.087300118,0,0.054506967,0.0683582,0.075571421,0.05597138,0.103115224,0.049978577,0.232590357,0.081380633,0.099107129,0,0.820579888,0.198436588,0.209065181,0.413078119,20,20.82057989
60526,1.884832623,1.865418967,3.003386171,5.115641855,3.614699992,9.027081243,4.526883382,1.933929864,4.456381179,0,0.1714471,0.24075961,0.248872058,0.173583122,0.404372364,0.406063816,0.697771071,0.307720517,0.406198011,0,3.05678767,0.661078768,0.984019302,1.4116896,20,23.05678767
60527,0.985985307,0.96317048,1.476680698,2.504144336,2.242547527,4.513540622,2.33826621,1.022425604,2.828437938,0,0.089686649,0.118374744,0.131573109,0.089626053,0.197943248,0.251920604,0.348885536,0.158946548,0.257811399,0,1.64476789,0.339634502,0.539489906,0.765643483,20,21.64476789
60534,2.209468995,2.204910007,3.092512589,4.722015814,1.559309946,11.05817452,4.402175851,2.200790837,3.890504271,0,0.200976494,0.247904226,0.283213655,0.205173835,0.373257697,0.175167884,0.854769562,0.299243368,0.354618475,0,2.994325196,0.732094375,0.753599416,1.508631405,20,22.9943252
60546,9.197793769,9.182880293,11.80347229,19.03257912,11.09600585,43.25476429,17.93294299,9.269589916,17.20945638,0,0.836644617,0.946198465,1.192877759,0.854495994,1.504454227,1.246489748,3.343486384,1.21901406,1.568637572,0,12.71229883,2.975720841,3.605439968,6.131138016,20,32.71229883
60558,5.142404316,5.055679904,7.77051504,13.15723323,9.839872991,24.07221665,11.84721546,5.227999826,12.77644415,0,0.46776053,0.622905635,0.672776765,0.470446972,1.040030099,1.105379806,1.860722857,0.805329177,1.164569635,0,8.209921476,1.763442931,2.615856877,3.830621669,20,28.20992148
60601,0.79323986,0.660688967,0.113663887,0.218857815,0.30061898,0.300902708,0.59859615,0.646035606,1.161546613,0,0.072154244,0.009111607,0.083136526,0.061479194,0.017299892,0.033770573,0.023259036,0.040690316,0.105874678,0,0.446776066,0.164402377,0.112549659,0.16982403,20,20.44677607
60602,0.880851427,0.737500738,0.113663887,0.218857815,0.437877421,0.300902708,0.59859615,0.745354299,1.740865322,0,0.080123519,0.009111607,0.095917573,0.068626771,0.017299892,0.049189747,0.023259036,0.040690316,0.158679431,0,0.542897892,0.185152698,0.13511641,0.222628783,20,20.54289789
60603,0.058407711,0.051207847,0,0,0.080682973,0,0,0.053217492,0.328580907,0,0.00531285,0,0.006848411,0.004765052,0,0.009063667,0,0,0.029950066,0,0.055940046,0.012161261,0.013828719,0.029950066,20,20.05594005
60604,8.523421493,8.661415045,3.722254851,2.9144605,3.204433319,8.199598796,5.780194071,8.351124065,9.441781561,0,0.77530274,0.29838608,1.074682942,0.805972007,0.230377207,0.359975772,0.633808723,0.392915867,0.860615988,0,5.432037326,2.148371762,1.396324986,1.887340578,20,25.43203733
60605,2.044190959,1.939695323,0.730899955,0.717040395,0.877041644,1.354062186,1.515196504,1.855495944,2.770862078,0,0.185942564,0.05859093,0.238778615,0.180494772,0.056679363,0.098524048,0.104665661,0.102997363,0.252563374,0,1.27923669,0.483312109,0.335698183,0.460226398,20,21.27923669
60606,16.67674331,16.78132447,6.940937521,5.549596236,6.270321396,15.64694082,11.24238394,16.25160117,19.08812614,0,1.516940678,0.556404444,2.091373379,1.561555207,0.438674835,0.704387816,1.209469857,0.764215003,1.739877843,0,10.58289906,4.164718501,2.704617858,3.713562703,20,30.58289906
60607,6.391618968,6.644907952,2.991354896,2.197420105,2.206367216,6.845536609,4.264997567,6.402806913,6.081073227,0,0.5813909,0.23979515,0.823959424,0.618329657,0.173697844,0.247856224,0.529143062,0.289918504,0.554288278,0,4.058379044,1.645145474,1.039883726,1.373349844,20,24.05837904
60608,0.445398262,0.557714887,0.274977956,0.148843912,0.155034833,0.601805416,0.196414362,0.505875582,0.302655981,0,0.04051407,0.022042981,0.065099723,0.05189713,0.011765555,0.017416116,0.046518071,0.01335151,0.027587016,0,0.296192172,0.127656774,0.081078802,0.087456597,20,20.29619217
60609,4.494946944,5.261039474,3.845100501,3.974225591,0.720503987,5.942828485,3.78799126,5.162715577,3.407272141,0,0.408866872,0.308233722,0.664375517,0.489556328,0.314147675,0.080939109,0.459365955,0.257493408,0.310571989,0,3.293550575,1.38147611,0.884643113,1.027431352,20,23.29355057
60610,0.705628293,0.583877197,0.325952568,0.442323706,0.135435306,0.300902708,0.916600354,0.67016912,0.651996998,0,0.06418497,0.026129245,0.086242201,0.054331616,0.034964035,0.015214368,0.023259036,0.062307047,0.059429361,0,0.426061879,0.176556416,0.10451002,0.144995443,20,20.42606188
60611,0.470418862,0.389251465,0.075775925,0.14590521,0.079388193,0.200601805,0.3990641,0.345913701,0.297040139,0,0.04278998,0.006074404,0.044514673,0.036221077,0.011533261,0.008918215,0.015506024,0.027126878,0.027075133,0,0.219759645,0.093379057,0.056672554,0.069708034,20,20.21975965
60612,1.073123297,1.125492425,0.341149968,0.210511984,0.241182625,1.278836509,0.495712436,0.997363878,0.56556915,0,0.097612846,0.02734751,0.128347985,0.104730622,0.016640185,0.027093683,0.098850902,0.033696668,0.051551484,0,0.585871887,0.253308341,0.148464491,0.184099054,20,20.58587189
60613,0.329608921,0.306394485,0.695755968,0.66911031,0.108591855,0.601805416,0.591113698,0.324874227,0.195268607,0,0.029981704,0.055773692,0.041807161,0.028510974,0.052890669,0.012198861,0.046518071,0.040181687,0.017798684,0,0.325661503,0.127562557,0.093600503,0.104498443,20,20.3256615
60614,4.70450434,4.566351195,3.335618219,3.08808755,1.217765114,5.315947843,5.190327448,5.064634501,3.746612813,0,0.427928515,0.267392235,0.651753736,0.424913391,0.244101776,0.136799831,0.410909631,0.352818951,0.341502805,0,3.258120871,1.347074486,0.805814998,1.105231387,20,23.25812087
60615,0.353998087,0.443506565,0.287800762,0.33408741,0.030144145,0.451354062,0.280591945,0.394026027,0.243733785,0,0.032200178,0.023070892,0.050706114,0.041269686,0.026408361,0.003386297,0.034888554,0.019073586,0.022216273,0,0.253219939,0.105977184,0.071064343,0.076178412,20,20.25321994
60616,0.457711239,0.618317389,0.503572181,0.279324765,0.287391905,0.75225677,0.318004205,0.56945811,0.533165374,0,0.041634076,0.040367717,0.073281981,0.057536385,0.022079578,0.032284686,0.058147589,0.021616731,0.048597888,0,0.395546631,0.155283774,0.111900649,0.128362208,20,20.39554663
60617,0.305298684,0.298706714,0.25202355,0.119367833,0.037035689,0.300902708,0.249415062,0.070234714,0.169835411,0,0.02777041,0.020202894,0.00903831,0.027795602,0.009435581,0.004160471,0.023259036,0.016954298,0.015480454,0,0.154097056,0.057011613,0.041391654,0.055693789,20,20.15409706
60618,8.388452323,8.097095017,8.171610307,7.82880471,3.015604054,10.38114343,11.04784019,9.160524997,6.77859748,0,0.763025749,0.655058524,1.178842498,0.753460247,0.618837744,0.338763298,0.802436732,0.750990651,0.617867436,0,6.479282879,2.596926771,1.711061289,2.171294819,20,26.47928288
60619,15.51837633,14.70012839,19.58232479,19.48689014,10.17974572,22.41725175,26.25717069,9.8678226,14.85184915,0,1.411573943,1.569772454,1.26986266,1.367893343,1.540365814,1.143560019,1.732798161,1.784863771,1.353742272,0,13.17443244,4.251209058,4.051819177,4.871404204,20,33.17443244
60620,7.890013546,6.274163435,13.05393336,12.87973183,9.35592299,13.23971916,19.38578572,2.90576791,9.941700363,0,0.717687037,1.046438828,0.373935195,0.58383071,1.01809465,1.051014414,1.023397571,1.317772848,0.90618346,0,8.038354713,2.13806106,2.652939774,3.247353879,20,28.03835471
60621,0.702076473,0.74653183,0.518769581,0.646405539,0.030144145,0.902708124,0.59859615,0.788980266,0.416609088,0,0.063861891,0.041585982,0.101531677,0.069467143,0.051095941,0.003386297,0.069777107,0.040690316,0.037973812,0,0.479370166,0.20697955,0.123949381,0.148441236,20,20.47937017
60622,1.580796808,1.602458618,0.760503224,0.561132699,0.39417726,1.905717152,1.15978004,1.607353915,1.094591078,0,0.143791563,0.060964008,0.206845907,0.149113832,0.044355442,0.04428061,0.147307226,0.078837488,0.099771698,0,0.975267775,0.411601478,0.237749885,0.325916412,20,20.97526778
60623,1.582217536,1.74282427,0.78852343,0.418142452,0.396217457,2.03109328,0.804363576,1.542224367,1.04840813,0,0.143920794,0.063210184,0.198464567,0.162175299,0.033052598,0.0445098,0.156998491,0.054677613,0.095562134,0,0.95257148,0.405595545,0.239737696,0.307238238,20,20.95257148
60624,2.693226916,2.878272256,1.366499548,0.71570983,0.637400082,3.309929789,1.374900531,2.558616593,1.708117836,0,0.244979813,0.109542323,0.329261257,0.267832318,0.056574186,0.071603483,0.255849393,0.09346057,0.155694506,0,1.58479785,0.683783393,0.396009987,0.505004469,20,21.58479785
60625,0.550532142,0.503975469,1.495044223,1.489847395,0.828669635,0.977933801,1.425407082,0.566673474,0.487819402,0,0.050077199,0.119846814,0.072923634,0.046896508,0.117766867,0.093090092,0.075591866,0.096893816,0.044464614,0,0.717551411,0.242847648,0.257753467,0.216950296,20,20.71755141
60626,2.815409533,2.554875495,8.311394726,7.898439989,3.898492945,5.040120361,7.447533762,2.658863497,2.443030077,0,0.256093721,0.666264023,0.342161753,0.237739228,0.624342153,0.437944207,0.389588848,0.506255352,0.22268157,0,3.683070856,1.264519496,1.300025589,1.118525771,20,23.68307086
60628,0.652903495,0.63220146,0.788576199,0.537551443,0.294278905,0.702106319,0.914521895,0.172338042,0.534025517,0,0.059389046,0.063214414,0.022177704,0.058828341,0.042491432,0.033058349,0.054271083,0.062165761,0.04867629,0,0.444272421,0.144781164,0.134378123,0.165113134,20,20.44427242
60629,0.036702143,0.032176967,0.1418424,0.133185371,0.082666359,0.075225677,0.224473556,0.055692725,0.201934625,0,0.00333848,0.011370473,0.007166942,0.002994168,0.010527806,0.009286474,0.005814759,0.015258869,0.01840629,0,0.08416426,0.021875895,0.022808448,0.039479917,20,20.08416426
60630,1.080463726,1.01816224,4.294057025,4.285059919,6.210582775,1.955867603,5.246267683,1.029387194,1.611869998,0,0.098280542,0.344223299,0.132468977,0.09474321,0.338717967,0.697676971,0.151183732,0.356621558,0.14692154,0,2.360837796,0.574972818,1.131138148,0.654726831,20,22.3608378
60631,0.444924686,0.357411553,1.874820916,1.899532237,2.627054992,0.902708124,1.837120088,0.205598975,0.574280356,0,0.040470993,0.150290748,0.026457961,0.033258273,0.150150922,0.295114941,0.069777107,0.124880518,0.052345508,0,0.942746971,0.217219701,0.478524136,0.247003134,20,20.94274697
60632,6.559264885,7.5937556,5.20605933,4.712207218,1.393114479,8.650952858,5.088067273,7.288785342,5.129065905,0,0.596640215,0.417331886,0.937973525,0.706622926,0.372482364,0.156498017,0.668697277,0.345867689,0.467513053,0,4.669626951,1.951945626,1.235603307,1.482078018,20,24.66962695
60633,3.013837892,3.586229757,10.83004716,10.08246298,12.00008435,4.363089268,11.69756642,0.826108749,9.843930345,0,0.274143051,0.868166058,0.106309639,0.333709998,0.796981006,1.348051029,0.337256018,0.795156598,0.897271747,0,5.757045143,1.248618747,2.478742033,2.029684363,20,25.75704514
60634,0.05611876,0.13228244,0.223845037,0.217705286,0.284067067,0.075225677,0.586125397,0.128557373,0.204250781,0,0.005104644,0.017944027,0.016543691,0.012309299,0.017208789,0.031911184,0.005814759,0.039842601,0.018617407,0,0.165296401,0.039592362,0.061429272,0.064274767,20,20.1652964
60636,15.89463249,14.02785749,23.32943372,23.81097317,15.15770703,25.95285857,32.91343517,9.803775967,18.46273979,0,1.445798747,1.870150905,1.261620677,1.305336413,1.882168412,1.702768244,2.00609183,2.237331611,1.682874036,0,15.39414088,4.57757033,4.890273069,5.926297478,20,35.39414088
60637,1.666040494,1.908527891,1.324917773,1.582334615,0.080384386,2.106318957,1.371782843,1.883342306,1.048907465,0,0.151545452,0.106209015,0.242362086,0.177594544,0.125077636,0.009030124,0.16281325,0.093248642,0.095607649,0,1.163488397,0.500116553,0.311702304,0.35166954,20,21.1634884
60638,32.50120762,34.29894998,29.82975218,26.580859,14.15624075,51.25376129,34.06178368,31.56725516,29.32391235,0,2.956356826,2.391234125,4.062302317,3.191625549,2.101117532,1.590266731,3.961789084,2.315392027,2.672867153,0,25.24295134,9.409893269,6.883009812,8.950048264,20,45.24295134
60639,1.672670559,1.810407289,1.66316546,1.499738691,1.045257149,6.469408224,3.529223133,2.192436928,2.550625021,0,0.152148532,0.13332387,0.282138614,0.168464112,0.118548737,0.117420839,0.500069268,0.239903323,0.232488822,0,1.944506117,0.567611016,0.404433688,0.972461413,20,21.94450612
60640,1.323802879,1.19430095,3.316410396,3.278531531,1.285408931,2.20661986,2.913167928,1.253086305,0.981895561,0,0.120415023,0.265852484,0.161256193,0.111133473,0.259155661,0.144398721,0.170566262,0.198026206,0.089499531,0,1.520303554,0.547523701,0.514687855,0.458091999,20,21.52030355
60641,11.74823751,11.56192245,15.90993641,15.43136514,11.46560595,19.85957874,21.98451252,13.13141627,11.72202423,0,1.068636666,1.275383806,1.689845457,1.075873376,1.219791724,1.288009438,1.535096357,1.494424528,1.068459527,0,11.71552088,4.03386593,3.583674538,4.097980412,20,31.71552088
60642,16.52519898,16.48199987,9.46148963,8.113574185,4.776069097,17.97893681,14.70675915,17.11808714,14.16324449,0,1.503155987,0.758458761,2.20287905,1.533702107,0.641347707,0.536528301,1.389727384,0.999710209,1.290976133,0,10.85648564,4.464493798,2.711578115,3.680413726,20,30.85648564
60643,1.963130527,1.694971477,3.043912571,2.736846877,1.973283165,2.908726178,4.497784958,0.542075853,2.310854188,0,0.17856919,0.244008317,0.069758235,0.157722446,0.216337514,0.221672309,0.224837345,0.305742516,0.210633772,0,1.829281642,0.492335742,0.595732268,0.741213632,20,21.82928164
60644,2.998683459,3.19309316,1.964738866,1.083668794,0.750575625,5.040120361,1.936084422,3.101620658,2.302249343,0,0.272764582,0.157498815,0.399138941,0.297127396,0.085659967,0.084317261,0.389588848,0.131607742,0.209849442,0,2.027552994,0.829402338,0.467104624,0.731046032,20,22.02755299
60645,6.054196042,5.494946197,18.02506621,17.77182346,10.42359012,11.35907723,17.15726214,5.582731543,5.518139553,0,0.550698423,1.444938368,0.718426204,0.511322086,1.404796205,1.170952718,0.878028598,1.166286192,0.502977017,0,8.348425812,2.714062995,3.08707101,2.547291806,20,28.34842581
60646,0.473812824,0.381904331,2.444565109,2.416820535,4.35316049,0.902708124,2.636139056,0.270573821,0.778757692,0,0.043098699,0.195962993,0.034819393,0.035537403,0.191040628,0.489020103,0.069777107,0.179194825,0.070983566,0,1.309434716,0.273881085,0.715598134,0.319955497,20,21.30943472
60647,31.23731211,30.72263948,31.92403833,30.25281983,17.94438071,47.54262788,46.12414933,34.52531234,28.35703706,0,2.841391063,2.559117803,4.442966474,2.858838569,2.391372308,2.015814238,3.674927643,3.135346305,2.584736716,0,26.50451112,9.843475341,7.266025115,9.395010664,20,46.50451112
60649,2.989922302,3.420279028,2.461345571,2.601871946,0.176130112,3.610832497,2.469209118,2.972135073,1.864387108,0,0.271967655,0.19730816,0.382475801,0.318267759,0.20566825,0.019785892,0.279108429,0.167847555,0.169938411,0,2.012367911,0.851751616,0.543721901,0.616894394,20,22.01236791
60651,42.3516681,42.44841342,38.76176018,34.88505175,21.319557,68.00401203,55.68609928,46.2801901,37.63190386,0,3.85236895,3.107248197,5.955669017,3.949958843,2.757532923,2.394970729,5.256542071,3.785331723,3.430138465,0,34.48976092,12.91528616,9.102462495,12.47201226,20,54.48976092
60652,2.770893386,1.713945783,5.769787885,6.177424833,4.968469546,5.792377131,8.916588483,0.88690664,4.495223576,0,0.252044468,0.462521901,0.11413355,0.159488065,0.488302339,0.558141951,0.447736437,0.60611617,0.409738486,0,3.498223366,0.828699919,1.205932354,1.463591093,20,23.49822337
60653,5.30665627,6.322863426,4.693305387,4.609407048,1.052586059,7.146439318,4.423999669,6.129448456,4.234784502,0,0.482701125,0.376228134,0.788781684,0.588362398,0.364356395,0.118244146,0.552402098,0.300726869,0.38599953,0,3.957802379,1.647710943,1.070962938,1.239128498,20,23.95780238
60654,35.40643875,35.0917677,16.95570749,14.54320976,11.60152707,34.52858576,28.06293574,35.22518425,35.6298493,0,3.220620848,1.359215663,4.533031044,3.26539974,1.149586362,1.303278382,2.668974348,1.907612892,3.247651702,0,22.65537098,9.112867556,5.718264483,7.824238942,20,42.65537098
60655,5.874710725,4.344791579,11.3350441,12.65322203,10.10235165,12.71313942,17.15352092,1.660107301,9.600610556,0,0.534372179,0.908647986,0.213634594,0.404296569,1.000189898,1.134865818,0.982694259,1.166031877,0.87509321,0,7.219826391,1.65665476,2.539352285,3.023819346,20,27.21982639
60656,4.600080824,4.15010679,18.61982279,19.0817793,28.57763285,8.801404212,22.18921102,3.412107598,7.127514467,0,0.418430001,1.492615674,0.439094642,0.386180535,1.508343317,3.210319716,0.680326795,1.508339163,0.649671131,0,10.29332097,2.350140318,5.104843568,2.838337089,20,30.29332097
60657,0.45155475,0.437198271,0.897754742,0.896847435,0.152193029,0.827482447,1.02135468,0.584773609,0.348768807,0,0.041074073,0.071966464,0.07525289,0.040682679,0.070892437,0.017096877,0.063962348,0.069427852,0.031790188,0,0.482145808,0.188293427,0.128671993,0.165180389,20,20.48214581
60659,14.32725367,12.97495299,44.45155063,43.6577008,34.30542705,25.97793381,43.78239923,13.28983113,14.03185781,0,1.303227704,3.563357286,1.710231426,1.207360326,3.450978034,3.853761766,2.008030084,2.976162935,1.27900027,0,21.35210983,6.576816416,8.512100126,6.263193289,20,41.35210983
60660,2.58643552,2.332226501,7.007109534,6.70349889,3.312589894,4.287863591,6.259486683,2.50385208,2.103012372,0,0.235265914,0.561708972,0.322213764,0.217021037,0.529886526,0.372125736,0.331441259,0.425496377,0.191689043,0,3.186848628,1.11918865,1.119033299,0.948626679,20,23.18684863
60661,100,100,48.46598607,40.53840038,33.13904637,100,77.70276856,100,100,0,9.09614455,3.885165358,12.86872203,9.305315615,3.204408998,3.722734297,7.729752869,5.281942146,9.114974566,0,64.20916043,25.85003193,16.23245891,22.12666958,20,84.20916043
60706,1.136582486,1.150444681,4.541648,4.515184204,6.602324919,2.03109328,6.019454377,1.161193309,1.816120779,0,0.103385186,0.364070865,0.149430739,0.107052509,0.356908431,0.741684029,0.156998491,0.409179883,0.165538947,0,2.55424908,0.61688679,1.205644968,0.731717321,20,22.55424908
60707,1.311095255,1.363303944,0.976907867,0.88142613,0.570269894,4.889669007,2.232264808,1.506488202,1.720725946,0,0.11925912,0.078311594,0.193865779,0.126859735,0.06967344,0.064062293,0.37795933,0.151740971,0.156843732,0,1.338575994,0.391436492,0.260595468,0.686544034,20,21.33857599
60712,30.11233224,26.94228458,100,100,83.85354011,55.59177532,100,27.16087772,31.9138881,0,2.739061268,8.01627218,3.495257853,2.507064615,7.904626151,9.419838042,4.297106848,6.797624131,2.908942784,0,48.08579387,14.2505913,19.83152881,14.00367376,20,68.08579387
60714,3.923814245,2.777478074,24.68231893,26.63271186,33.95852679,6.695085255,26.26667222,2.461618431,8.60485784,0,0.356915816,1.978601866,0.316778833,0.258453101,2.105216307,3.814792102,0.517513545,1.785509649,0.784330604,0,11.91811182,2.652296515,6.17846151,3.087353797,20,31.91811182
60803,1.996122991,1.214074861,4.97429898,6.538770568,5.509988589,6.31895687,7.363979717,0.592199306,4.698023009,0,0.181570233,0.398753345,0.076208482,0.112973498,0.516865368,0.618974465,0.48843975,0.500575662,0.428223602,0,3.322584406,0.65653206,1.248813331,1.417239015,20,23.32258441
60804,14.24516716,15.80835832,9.927384923,7.562107475,3.382379012,21.2888666,9.826953455,14.96509923,10.93629719,0,1.295760996,0.795806196,1.92581702,1.471017635,0.597756325,0.379965622,1.645576777,0.667999359,0.996840708,0,9.776540638,4.017384212,2.448739582,3.310416844,20,29.77654064
60805,0.492992653,0.322926417,1.016642736,1.144303977,0.955966193,1.128385155,1.677316295,0.137839494,0.7524255,0,0.044843324,0.081496849,0.017738181,0.030049322,0.090452951,0.107390179,0.087221384,0.114017657,0.068583393,0,0.641793242,0.144078354,0.227892453,0.269822434,20,20.64179324
60827,30.72087745,26.16187002,70.48649094,72.94833932,65.72594891,60.18054162,94.98972651,8.608702916,61.04558366,0,2.79441542,5.650388964,1.107830048,2.434444576,5.766293506,7.383442525,4.651807143,6.457044571,5.564289425,0,41.80995618,9.552634432,15.58418061,16.67314114,20,61.80995618
